dataset\hdb_to_canon_v1\trainB\00001.png,None
dataset\hdb_to_canon_v1\trainB\00002.png,None
dataset\hdb_to_canon_v1\trainB\00003.png,None
dataset\hdb_to_canon_v1\trainB\00004.png,None
dataset\hdb_to_canon_v1\trainB\00005.png,None
dataset\hdb_to_canon_v1\trainB\00006.png,None
dataset\hdb_to_canon_v1\trainB\00007.png,None
dataset\hdb_to_canon_v1\trainB\00008.png,None
dataset\hdb_to_canon_v1\trainB\00009.png,None
dataset\hdb_to_canon_v1\trainB\00010.png,None
dataset\hdb_to_canon_v1\trainB\00011.png,None
dataset\hdb_to_canon_v1\trainB\00012.png,None
dataset\hdb_to_canon_v1\trainB\00013.png,None
dataset\hdb_to_canon_v1\trainB\00014.png,None
dataset\hdb_to_canon_v1\trainB\00015.png,None
dataset\hdb_to_canon_v1\trainB\00016.png,None
dataset\hdb_to_canon_v1\trainB\00017.png,None
dataset\hdb_to_canon_v1\trainB\00018.png,None
dataset\hdb_to_canon_v1\trainB\00019.png,None
dataset\hdb_to_canon_v1\trainB\00020.png,None
dataset\hdb_to_canon_v1\trainB\00021.png,None
dataset\hdb_to_canon_v1\trainB\00022.png,None
dataset\hdb_to_canon_v1\trainB\00023.png,None
dataset\hdb_to_canon_v1\trainB\00024.png,None
dataset\hdb_to_canon_v1\trainB\00025.png,None
dataset\hdb_to_canon_v1\trainB\00026.png,None
dataset\hdb_to_canon_v1\trainB\00027.png,None
dataset\hdb_to_canon_v1\trainB\00028.png,None
dataset\hdb_to_canon_v1\trainB\00029.png,None
dataset\hdb_to_canon_v1\trainB\00030.png,None
dataset\hdb_to_canon_v1\trainB\00031.png,None
dataset\hdb_to_canon_v1\trainB\00032.png,None
dataset\hdb_to_canon_v1\trainB\00033.png,None
dataset\hdb_to_canon_v1\trainB\00034.png,None
dataset\hdb_to_canon_v1\trainB\00035.png,None
dataset\hdb_to_canon_v1\trainB\00036.png,None
dataset\hdb_to_canon_v1\trainB\00037.png,None
dataset\hdb_to_canon_v1\trainB\00038.png,None
dataset\hdb_to_canon_v1\trainB\00039.png,None
dataset\hdb_to_canon_v1\trainB\00040.png,None
dataset\hdb_to_canon_v1\trainB\00041.png,None
dataset\hdb_to_canon_v1\trainB\00042.png,None
dataset\hdb_to_canon_v1\trainB\00043.png,None
dataset\hdb_to_canon_v1\trainB\00044.png,None
dataset\hdb_to_canon_v1\trainB\00045.png,None
dataset\hdb_to_canon_v1\trainB\00046.png,None
dataset\hdb_to_canon_v1\trainB\00047.png,None
dataset\hdb_to_canon_v1\trainB\00048.png,None
dataset\hdb_to_canon_v1\trainB\00049.png,None
dataset\hdb_to_canon_v1\trainB\00050.png,None
dataset\hdb_to_canon_v1\trainB\00051.png,None
dataset\hdb_to_canon_v1\trainB\00052.png,None
dataset\hdb_to_canon_v1\trainB\00053.png,None
dataset\hdb_to_canon_v1\trainB\00054.png,None
dataset\hdb_to_canon_v1\trainB\00055.png,None
dataset\hdb_to_canon_v1\trainB\00056.png,None
dataset\hdb_to_canon_v1\trainB\00057.png,None
dataset\hdb_to_canon_v1\trainB\00058.png,None
dataset\hdb_to_canon_v1\trainB\00059.png,None
dataset\hdb_to_canon_v1\trainB\00060.png,None
dataset\hdb_to_canon_v1\trainB\00061.png,None
dataset\hdb_to_canon_v1\trainB\00062.png,None
dataset\hdb_to_canon_v1\trainB\00063.png,None
dataset\hdb_to_canon_v1\trainB\00064.png,None
dataset\hdb_to_canon_v1\trainB\00065.png,None
dataset\hdb_to_canon_v1\trainB\00066.png,None
dataset\hdb_to_canon_v1\trainB\00067.png,None
dataset\hdb_to_canon_v1\trainB\00068.png,None
dataset\hdb_to_canon_v1\trainB\00069.png,None
dataset\hdb_to_canon_v1\trainB\00070.png,None
dataset\hdb_to_canon_v1\trainB\00071.png,None
dataset\hdb_to_canon_v1\trainB\00072.png,None
dataset\hdb_to_canon_v1\trainB\00073.png,None
dataset\hdb_to_canon_v1\trainB\00074.png,None
dataset\hdb_to_canon_v1\trainB\00075.png,None
dataset\hdb_to_canon_v1\trainB\00076.png,None
dataset\hdb_to_canon_v1\trainB\00077.png,None
dataset\hdb_to_canon_v1\trainB\00078.png,None
dataset\hdb_to_canon_v1\trainB\00079.png,None
dataset\hdb_to_canon_v1\trainB\00080.png,None
dataset\hdb_to_canon_v1\trainB\00081.png,None
dataset\hdb_to_canon_v1\trainB\00082.png,None
dataset\hdb_to_canon_v1\trainB\00083.png,None
dataset\hdb_to_canon_v1\trainB\00084.png,None
dataset\hdb_to_canon_v1\trainB\00085.png,None
dataset\hdb_to_canon_v1\trainB\00086.png,None
dataset\hdb_to_canon_v1\trainB\00087.png,None
dataset\hdb_to_canon_v1\trainB\00088.png,None
dataset\hdb_to_canon_v1\trainB\00089.png,None
dataset\hdb_to_canon_v1\trainB\00090.png,None
dataset\hdb_to_canon_v1\trainB\00091.png,None
dataset\hdb_to_canon_v1\trainB\00092.png,None
dataset\hdb_to_canon_v1\trainB\00093.png,None
dataset\hdb_to_canon_v1\trainB\00094.png,None
dataset\hdb_to_canon_v1\trainB\00095.png,None
dataset\hdb_to_canon_v1\trainB\00096.png,None
dataset\hdb_to_canon_v1\trainB\00097.png,None
dataset\hdb_to_canon_v1\trainB\00098.png,None
dataset\hdb_to_canon_v1\trainB\00099.png,None
dataset\hdb_to_canon_v1\trainB\00100.png,None
dataset\hdb_to_canon_v1\trainB\00101.png,None
dataset\hdb_to_canon_v1\trainB\00102.png,None
dataset\hdb_to_canon_v1\trainB\00103.png,None
dataset\hdb_to_canon_v1\trainB\00104.png,None
dataset\hdb_to_canon_v1\trainB\00105.png,None
dataset\hdb_to_canon_v1\trainB\00106.png,None
dataset\hdb_to_canon_v1\trainB\00107.png,None
dataset\hdb_to_canon_v1\trainB\00108.png,None
dataset\hdb_to_canon_v1\trainB\00109.png,None
dataset\hdb_to_canon_v1\trainB\00110.png,None
dataset\hdb_to_canon_v1\trainB\00111.png,None
dataset\hdb_to_canon_v1\trainB\00112.png,None
dataset\hdb_to_canon_v1\trainB\00113.png,None
dataset\hdb_to_canon_v1\trainB\00114.png,None
dataset\hdb_to_canon_v1\trainB\00115.png,None
dataset\hdb_to_canon_v1\trainB\00116.png,None
dataset\hdb_to_canon_v1\trainB\00117.png,None
dataset\hdb_to_canon_v1\trainB\00118.png,None
dataset\hdb_to_canon_v1\trainB\00119.png,None
dataset\hdb_to_canon_v1\trainB\00120.png,None
dataset\hdb_to_canon_v1\trainB\00121.png,None
dataset\hdb_to_canon_v1\trainB\00122.png,None
dataset\hdb_to_canon_v1\trainB\00123.png,None
dataset\hdb_to_canon_v1\trainB\00124.png,None
dataset\hdb_to_canon_v1\trainB\00125.png,None
dataset\hdb_to_canon_v1\trainB\00126.png,None
dataset\hdb_to_canon_v1\trainB\00127.png,None
dataset\hdb_to_canon_v1\trainB\00128.png,None
dataset\hdb_to_canon_v1\trainB\00129.png,None
dataset\hdb_to_canon_v1\trainB\00130.png,None
dataset\hdb_to_canon_v1\trainB\00131.png,None
dataset\hdb_to_canon_v1\trainB\00132.png,None
dataset\hdb_to_canon_v1\trainB\00133.png,None
dataset\hdb_to_canon_v1\trainB\00134.png,None
dataset\hdb_to_canon_v1\trainB\00135.png,None
dataset\hdb_to_canon_v1\trainB\00136.png,None
dataset\hdb_to_canon_v1\trainB\00137.png,None
dataset\hdb_to_canon_v1\trainB\00138.png,None
dataset\hdb_to_canon_v1\trainB\00139.png,None
dataset\hdb_to_canon_v1\trainB\00140.png,None
dataset\hdb_to_canon_v1\trainB\00141.png,None
dataset\hdb_to_canon_v1\trainB\00142.png,None
dataset\hdb_to_canon_v1\trainB\00143.png,None
dataset\hdb_to_canon_v1\trainB\00144.png,None
dataset\hdb_to_canon_v1\trainB\00145.png,None
dataset\hdb_to_canon_v1\trainB\00146.png,None
dataset\hdb_to_canon_v1\trainB\00147.png,None
dataset\hdb_to_canon_v1\trainB\00148.png,None
dataset\hdb_to_canon_v1\trainB\00149.png,None
dataset\hdb_to_canon_v1\trainB\00150.png,None
dataset\hdb_to_canon_v1\trainB\00151.png,None
dataset\hdb_to_canon_v1\trainB\00152.png,None
dataset\hdb_to_canon_v1\trainB\00153.png,None
dataset\hdb_to_canon_v1\trainB\00154.png,None
dataset\hdb_to_canon_v1\trainB\00155.png,None
dataset\hdb_to_canon_v1\trainB\00156.png,None
dataset\hdb_to_canon_v1\trainB\00157.png,None
dataset\hdb_to_canon_v1\trainB\00158.png,None
dataset\hdb_to_canon_v1\trainB\00159.png,None
dataset\hdb_to_canon_v1\trainB\00160.png,None
dataset\hdb_to_canon_v1\trainB\00161.png,None
dataset\hdb_to_canon_v1\trainB\00162.png,None
dataset\hdb_to_canon_v1\trainB\00163.png,None
dataset\hdb_to_canon_v1\trainB\00164.png,None
dataset\hdb_to_canon_v1\trainB\00165.png,None
dataset\hdb_to_canon_v1\trainB\00166.png,None
dataset\hdb_to_canon_v1\trainB\00167.png,None
dataset\hdb_to_canon_v1\trainB\00168.png,None
dataset\hdb_to_canon_v1\trainB\00169.png,None
dataset\hdb_to_canon_v1\trainB\00170.png,None
dataset\hdb_to_canon_v1\trainB\00171.png,None
dataset\hdb_to_canon_v1\trainB\00172.png,None
dataset\hdb_to_canon_v1\trainB\00173.png,None
dataset\hdb_to_canon_v1\trainB\00174.png,None
dataset\hdb_to_canon_v1\trainB\00175.png,None
dataset\hdb_to_canon_v1\trainB\00176.png,None
dataset\hdb_to_canon_v1\trainB\00177.png,None
dataset\hdb_to_canon_v1\trainB\00178.png,None
dataset\hdb_to_canon_v1\trainB\00179.png,None
dataset\hdb_to_canon_v1\trainB\00180.png,None
dataset\hdb_to_canon_v1\trainB\00181.png,None
dataset\hdb_to_canon_v1\trainB\00182.png,None
dataset\hdb_to_canon_v1\trainB\00183.png,None
dataset\hdb_to_canon_v1\trainB\00184.png,None
dataset\hdb_to_canon_v1\trainB\00185.png,None
dataset\hdb_to_canon_v1\trainB\00186.png,None
dataset\hdb_to_canon_v1\trainB\00187.png,None
dataset\hdb_to_canon_v1\trainB\00188.png,None
dataset\hdb_to_canon_v1\trainB\00189.png,None
dataset\hdb_to_canon_v1\trainB\00190.png,None
dataset\hdb_to_canon_v1\trainB\00191.png,None
dataset\hdb_to_canon_v1\trainB\00192.png,None
dataset\hdb_to_canon_v1\trainB\00193.png,None
dataset\hdb_to_canon_v1\trainB\00194.png,None
dataset\hdb_to_canon_v1\trainB\00195.png,None
dataset\hdb_to_canon_v1\trainB\00196.png,None
dataset\hdb_to_canon_v1\trainB\00197.png,None
dataset\hdb_to_canon_v1\trainB\00198.png,None
dataset\hdb_to_canon_v1\trainB\00199.png,None
dataset\hdb_to_canon_v1\trainB\00200.png,None
dataset\hdb_to_canon_v1\trainB\00201.png,None
dataset\hdb_to_canon_v1\trainB\00202.png,None
dataset\hdb_to_canon_v1\trainB\00203.png,None
dataset\hdb_to_canon_v1\trainB\00204.png,None
dataset\hdb_to_canon_v1\trainB\00205.png,None
dataset\hdb_to_canon_v1\trainB\00206.png,None
dataset\hdb_to_canon_v1\trainB\00207.png,None
dataset\hdb_to_canon_v1\trainB\00208.png,None
dataset\hdb_to_canon_v1\trainB\00209.png,None
dataset\hdb_to_canon_v1\trainB\00210.png,None
dataset\hdb_to_canon_v1\trainB\00211.png,None
dataset\hdb_to_canon_v1\trainB\00212.png,None
dataset\hdb_to_canon_v1\trainB\00213.png,None
dataset\hdb_to_canon_v1\trainB\00214.png,None
dataset\hdb_to_canon_v1\trainB\00215.png,None
dataset\hdb_to_canon_v1\trainB\00216.png,None
dataset\hdb_to_canon_v1\trainB\00217.png,None
dataset\hdb_to_canon_v1\trainB\00218.png,None
dataset\hdb_to_canon_v1\trainB\00219.png,None
dataset\hdb_to_canon_v1\trainB\00220.png,None
dataset\hdb_to_canon_v1\trainB\00221.png,None
dataset\hdb_to_canon_v1\trainB\00222.png,None
dataset\hdb_to_canon_v1\trainB\00223.png,None
dataset\hdb_to_canon_v1\trainB\00224.png,None
dataset\hdb_to_canon_v1\trainB\00225.png,None
dataset\hdb_to_canon_v1\trainB\00226.png,None
dataset\hdb_to_canon_v1\trainB\00227.png,None
dataset\hdb_to_canon_v1\trainB\00228.png,None
dataset\hdb_to_canon_v1\trainB\00229.png,None
dataset\hdb_to_canon_v1\trainB\00230.png,None
dataset\hdb_to_canon_v1\trainB\00231.png,None
dataset\hdb_to_canon_v1\trainB\00232.png,None
dataset\hdb_to_canon_v1\trainB\00233.png,None
dataset\hdb_to_canon_v1\trainB\00234.png,None
dataset\hdb_to_canon_v1\trainB\00235.png,None
dataset\hdb_to_canon_v1\trainB\00236.png,None
dataset\hdb_to_canon_v1\trainB\00237.png,None
dataset\hdb_to_canon_v1\trainB\00238.png,None
dataset\hdb_to_canon_v1\trainB\00239.png,None
dataset\hdb_to_canon_v1\trainB\00240.png,None
dataset\hdb_to_canon_v1\trainB\00241.png,None
dataset\hdb_to_canon_v1\trainB\00242.png,None
dataset\hdb_to_canon_v1\trainB\00243.png,None
dataset\hdb_to_canon_v1\trainB\00244.png,None
dataset\hdb_to_canon_v1\trainB\00245.png,None
dataset\hdb_to_canon_v1\trainB\00246.png,None
dataset\hdb_to_canon_v1\trainB\00247.png,None
dataset\hdb_to_canon_v1\trainB\00248.png,None
dataset\hdb_to_canon_v1\trainB\00249.png,None
dataset\hdb_to_canon_v1\trainB\00250.png,None
dataset\hdb_to_canon_v1\trainB\00251.png,None
dataset\hdb_to_canon_v1\trainB\00252.png,None
dataset\hdb_to_canon_v1\trainB\00253.png,None
dataset\hdb_to_canon_v1\trainB\00254.png,None
dataset\hdb_to_canon_v1\trainB\00255.png,None
dataset\hdb_to_canon_v1\trainB\00256.png,None
dataset\hdb_to_canon_v1\trainB\00257.png,None
dataset\hdb_to_canon_v1\trainB\00258.png,None
dataset\hdb_to_canon_v1\trainB\00259.png,None
dataset\hdb_to_canon_v1\trainB\00260.png,None
dataset\hdb_to_canon_v1\trainB\00261.png,None
dataset\hdb_to_canon_v1\trainB\00262.png,None
dataset\hdb_to_canon_v1\trainB\00263.png,None
dataset\hdb_to_canon_v1\trainB\00264.png,None
dataset\hdb_to_canon_v1\trainB\00265.png,None
dataset\hdb_to_canon_v1\trainB\00266.png,None
dataset\hdb_to_canon_v1\trainB\00267.png,None
dataset\hdb_to_canon_v1\trainB\00268.png,None
dataset\hdb_to_canon_v1\trainB\00269.png,None
dataset\hdb_to_canon_v1\trainB\00270.png,None
dataset\hdb_to_canon_v1\trainB\00271.png,None
dataset\hdb_to_canon_v1\trainB\00272.png,None
dataset\hdb_to_canon_v1\trainB\00273.png,None
dataset\hdb_to_canon_v1\trainB\00274.png,None
dataset\hdb_to_canon_v1\trainB\00275.png,None
dataset\hdb_to_canon_v1\trainB\00276.png,None
dataset\hdb_to_canon_v1\trainB\00277.png,None
dataset\hdb_to_canon_v1\trainB\00278.png,None
dataset\hdb_to_canon_v1\trainB\00279.png,None
dataset\hdb_to_canon_v1\trainB\00280.png,None
dataset\hdb_to_canon_v1\trainB\00281.png,None
dataset\hdb_to_canon_v1\trainB\00282.png,None
dataset\hdb_to_canon_v1\trainB\00283.png,None
dataset\hdb_to_canon_v1\trainB\00284.png,None
dataset\hdb_to_canon_v1\trainB\00285.png,None
dataset\hdb_to_canon_v1\trainB\00286.png,None
dataset\hdb_to_canon_v1\trainB\00287.png,None
dataset\hdb_to_canon_v1\trainB\00288.png,None
dataset\hdb_to_canon_v1\trainB\00289.png,None
dataset\hdb_to_canon_v1\trainB\00290.png,None
dataset\hdb_to_canon_v1\trainB\00291.png,None
dataset\hdb_to_canon_v1\trainB\00292.png,None
dataset\hdb_to_canon_v1\trainB\00293.png,None
dataset\hdb_to_canon_v1\trainB\00294.png,None
dataset\hdb_to_canon_v1\trainB\00295.png,None
dataset\hdb_to_canon_v1\trainB\00296.png,None
dataset\hdb_to_canon_v1\trainB\00297.png,None
dataset\hdb_to_canon_v1\trainB\00298.png,None
dataset\hdb_to_canon_v1\trainB\00299.png,None
dataset\hdb_to_canon_v1\trainB\00300.png,None
dataset\hdb_to_canon_v1\trainB\00301.png,None
dataset\hdb_to_canon_v1\trainB\00302.png,None
dataset\hdb_to_canon_v1\trainB\00303.png,None
dataset\hdb_to_canon_v1\trainB\00304.png,None
dataset\hdb_to_canon_v1\trainB\00305.png,None
dataset\hdb_to_canon_v1\trainB\00306.png,None
dataset\hdb_to_canon_v1\trainB\00307.png,None
dataset\hdb_to_canon_v1\trainB\00308.png,None
dataset\hdb_to_canon_v1\trainB\00309.png,None
dataset\hdb_to_canon_v1\trainB\00310.png,None
dataset\hdb_to_canon_v1\trainB\00311.png,None
dataset\hdb_to_canon_v1\trainB\00312.png,None
dataset\hdb_to_canon_v1\trainB\00313.png,None
dataset\hdb_to_canon_v1\trainB\00314.png,None
dataset\hdb_to_canon_v1\trainB\00315.png,None
dataset\hdb_to_canon_v1\trainB\00316.png,None
dataset\hdb_to_canon_v1\trainB\00317.png,None
dataset\hdb_to_canon_v1\trainB\00318.png,None
dataset\hdb_to_canon_v1\trainB\00319.png,None
dataset\hdb_to_canon_v1\trainB\00320.png,None
dataset\hdb_to_canon_v1\trainB\00321.png,None
dataset\hdb_to_canon_v1\trainB\00322.png,None
dataset\hdb_to_canon_v1\trainB\00323.png,None
dataset\hdb_to_canon_v1\trainB\00324.png,None
dataset\hdb_to_canon_v1\trainB\00325.png,None
dataset\hdb_to_canon_v1\trainB\00326.png,None
dataset\hdb_to_canon_v1\trainB\00327.png,None
dataset\hdb_to_canon_v1\trainB\00328.png,None
dataset\hdb_to_canon_v1\trainB\00329.png,None
dataset\hdb_to_canon_v1\trainB\00330.png,None
dataset\hdb_to_canon_v1\trainB\00331.png,None
dataset\hdb_to_canon_v1\trainB\00332.png,None
dataset\hdb_to_canon_v1\trainB\00333.png,None
dataset\hdb_to_canon_v1\trainB\00334.png,None
dataset\hdb_to_canon_v1\trainB\00335.png,None
dataset\hdb_to_canon_v1\trainB\00336.png,None
dataset\hdb_to_canon_v1\trainB\00337.png,None
dataset\hdb_to_canon_v1\trainB\00338.png,None
dataset\hdb_to_canon_v1\trainB\00339.png,None
dataset\hdb_to_canon_v1\trainB\00340.png,None
dataset\hdb_to_canon_v1\trainB\00341.png,None
dataset\hdb_to_canon_v1\trainB\00342.png,None
dataset\hdb_to_canon_v1\trainB\00343.png,None
dataset\hdb_to_canon_v1\trainB\00344.png,None
dataset\hdb_to_canon_v1\trainB\00345.png,None
dataset\hdb_to_canon_v1\trainB\00346.png,None
dataset\hdb_to_canon_v1\trainB\00347.png,None
dataset\hdb_to_canon_v1\trainB\00348.png,None
dataset\hdb_to_canon_v1\trainB\00349.png,None
dataset\hdb_to_canon_v1\trainB\00350.png,None
dataset\hdb_to_canon_v1\trainB\00351.png,None
dataset\hdb_to_canon_v1\trainB\00352.png,None
dataset\hdb_to_canon_v1\trainB\00353.png,None
dataset\hdb_to_canon_v1\trainB\00354.png,None
dataset\hdb_to_canon_v1\trainB\00355.png,None
dataset\hdb_to_canon_v1\trainB\00356.png,None
dataset\hdb_to_canon_v1\trainB\00357.png,None
dataset\hdb_to_canon_v1\trainB\00358.png,None
dataset\hdb_to_canon_v1\trainB\00359.png,None
dataset\hdb_to_canon_v1\trainB\00360.png,None
dataset\hdb_to_canon_v1\trainB\00361.png,None
dataset\hdb_to_canon_v1\trainB\00362.png,None
dataset\hdb_to_canon_v1\trainB\00363.png,None
dataset\hdb_to_canon_v1\trainB\00364.png,None
dataset\hdb_to_canon_v1\trainB\00365.png,None
dataset\hdb_to_canon_v1\trainB\00366.png,None
dataset\hdb_to_canon_v1\trainB\00367.png,None
dataset\hdb_to_canon_v1\trainB\00368.png,None
dataset\hdb_to_canon_v1\trainB\00369.png,None
dataset\hdb_to_canon_v1\trainB\00370.png,None
dataset\hdb_to_canon_v1\trainB\00371.png,None
dataset\hdb_to_canon_v1\trainB\00372.png,None
dataset\hdb_to_canon_v1\trainB\00373.png,None
dataset\hdb_to_canon_v1\trainB\00374.png,None
dataset\hdb_to_canon_v1\trainB\00375.png,None
dataset\hdb_to_canon_v1\trainB\00376.png,None
dataset\hdb_to_canon_v1\trainB\00377.png,None
dataset\hdb_to_canon_v1\trainB\00378.png,None
dataset\hdb_to_canon_v1\trainB\00379.png,None
dataset\hdb_to_canon_v1\trainB\00380.png,None
dataset\hdb_to_canon_v1\trainB\00381.png,None
dataset\hdb_to_canon_v1\trainB\00382.png,None
dataset\hdb_to_canon_v1\trainB\00383.png,None
dataset\hdb_to_canon_v1\trainB\00384.png,None
dataset\hdb_to_canon_v1\trainB\00385.png,None
dataset\hdb_to_canon_v1\trainB\00386.png,None
dataset\hdb_to_canon_v1\trainB\00387.png,None
dataset\hdb_to_canon_v1\trainB\00388.png,None
dataset\hdb_to_canon_v1\trainB\00389.png,None
dataset\hdb_to_canon_v1\trainB\00390.png,None
dataset\hdb_to_canon_v1\trainB\00391.png,None
dataset\hdb_to_canon_v1\trainB\00392.png,None
dataset\hdb_to_canon_v1\trainB\00393.png,None
dataset\hdb_to_canon_v1\trainB\00394.png,None
dataset\hdb_to_canon_v1\trainB\00395.png,None
dataset\hdb_to_canon_v1\trainB\00396.png,None
dataset\hdb_to_canon_v1\trainB\00397.png,None
dataset\hdb_to_canon_v1\trainB\00398.png,None
dataset\hdb_to_canon_v1\trainB\00399.png,None
dataset\hdb_to_canon_v1\trainB\00400.png,None
dataset\hdb_to_canon_v1\trainB\00401.png,None
dataset\hdb_to_canon_v1\trainB\00402.png,None
dataset\hdb_to_canon_v1\trainB\00403.png,None
dataset\hdb_to_canon_v1\trainB\00404.png,None
dataset\hdb_to_canon_v1\trainB\00405.png,None
dataset\hdb_to_canon_v1\trainB\00406.png,None
dataset\hdb_to_canon_v1\trainB\00407.png,None
dataset\hdb_to_canon_v1\trainB\00408.png,None
dataset\hdb_to_canon_v1\trainB\00409.png,None
dataset\hdb_to_canon_v1\trainB\00410.png,None
dataset\hdb_to_canon_v1\trainB\00411.png,None
dataset\hdb_to_canon_v1\trainB\00412.png,None
dataset\hdb_to_canon_v1\trainB\00413.png,None
dataset\hdb_to_canon_v1\trainB\00414.png,None
dataset\hdb_to_canon_v1\trainB\00415.png,None
dataset\hdb_to_canon_v1\trainB\00416.png,None
dataset\hdb_to_canon_v1\trainB\00417.png,None
dataset\hdb_to_canon_v1\trainB\00418.png,None
dataset\hdb_to_canon_v1\trainB\00419.png,None
dataset\hdb_to_canon_v1\trainB\00420.png,None
dataset\hdb_to_canon_v1\trainB\00421.png,None
dataset\hdb_to_canon_v1\trainB\00422.png,None
dataset\hdb_to_canon_v1\trainB\00423.png,None
dataset\hdb_to_canon_v1\trainB\00424.png,None
dataset\hdb_to_canon_v1\trainB\00425.png,None
dataset\hdb_to_canon_v1\trainB\00426.png,None
dataset\hdb_to_canon_v1\trainB\00427.png,None
dataset\hdb_to_canon_v1\trainB\00428.png,None
dataset\hdb_to_canon_v1\trainB\00429.png,None
dataset\hdb_to_canon_v1\trainB\00430.png,None
dataset\hdb_to_canon_v1\trainB\00431.png,None
dataset\hdb_to_canon_v1\trainB\00432.png,None
dataset\hdb_to_canon_v1\trainB\00433.png,None
dataset\hdb_to_canon_v1\trainB\00434.png,None
dataset\hdb_to_canon_v1\trainB\00435.png,None
dataset\hdb_to_canon_v1\trainB\00436.png,None
dataset\hdb_to_canon_v1\trainB\00437.png,None
dataset\hdb_to_canon_v1\trainB\00438.png,None
dataset\hdb_to_canon_v1\trainB\00439.png,None
dataset\hdb_to_canon_v1\trainB\00440.png,None
dataset\hdb_to_canon_v1\trainB\00441.png,None
dataset\hdb_to_canon_v1\trainB\00442.png,None
dataset\hdb_to_canon_v1\trainB\00443.png,None
dataset\hdb_to_canon_v1\trainB\00444.png,None
dataset\hdb_to_canon_v1\trainB\00445.png,None
dataset\hdb_to_canon_v1\trainB\00446.png,None
dataset\hdb_to_canon_v1\trainB\00447.png,None
dataset\hdb_to_canon_v1\trainB\00448.png,None
dataset\hdb_to_canon_v1\trainB\00449.png,None
dataset\hdb_to_canon_v1\trainB\00450.png,None
dataset\hdb_to_canon_v1\trainB\00451.png,None
dataset\hdb_to_canon_v1\trainB\00452.png,None
dataset\hdb_to_canon_v1\trainB\00453.png,None
dataset\hdb_to_canon_v1\trainB\00454.png,None
dataset\hdb_to_canon_v1\trainB\00455.png,None
dataset\hdb_to_canon_v1\trainB\00456.png,None
dataset\hdb_to_canon_v1\trainB\00457.png,None
dataset\hdb_to_canon_v1\trainB\00458.png,None
dataset\hdb_to_canon_v1\trainB\00459.png,None
dataset\hdb_to_canon_v1\trainB\00460.png,None
dataset\hdb_to_canon_v1\trainB\00461.png,None
dataset\hdb_to_canon_v1\trainB\00462.png,None
dataset\hdb_to_canon_v1\trainB\00463.png,None
dataset\hdb_to_canon_v1\trainB\00464.png,None
dataset\hdb_to_canon_v1\trainB\00465.png,None
dataset\hdb_to_canon_v1\trainB\00466.png,None
dataset\hdb_to_canon_v1\trainB\00467.png,None
dataset\hdb_to_canon_v1\trainB\00468.png,None
dataset\hdb_to_canon_v1\trainB\00469.png,None
dataset\hdb_to_canon_v1\trainB\00470.png,None
dataset\hdb_to_canon_v1\trainB\00471.png,None
dataset\hdb_to_canon_v1\trainB\00472.png,None
dataset\hdb_to_canon_v1\trainB\00473.png,None
dataset\hdb_to_canon_v1\trainB\00474.png,None
dataset\hdb_to_canon_v1\trainB\00475.png,None
dataset\hdb_to_canon_v1\trainB\00476.png,None
dataset\hdb_to_canon_v1\trainB\00477.png,None
dataset\hdb_to_canon_v1\trainB\00478.png,None
dataset\hdb_to_canon_v1\trainB\00479.png,None
dataset\hdb_to_canon_v1\trainB\00480.png,None
dataset\hdb_to_canon_v1\trainB\00481.png,None
dataset\hdb_to_canon_v1\trainB\00482.png,None
dataset\hdb_to_canon_v1\trainB\00483.png,None
dataset\hdb_to_canon_v1\trainB\00484.png,None
dataset\hdb_to_canon_v1\trainB\00485.png,None
dataset\hdb_to_canon_v1\trainB\00486.png,None
dataset\hdb_to_canon_v1\trainB\00487.png,None
dataset\hdb_to_canon_v1\trainB\00488.png,None
dataset\hdb_to_canon_v1\trainB\00489.png,None
dataset\hdb_to_canon_v1\trainB\00490.png,None
dataset\hdb_to_canon_v1\trainB\00491.png,None
dataset\hdb_to_canon_v1\trainB\00492.png,None
dataset\hdb_to_canon_v1\trainB\00493.png,None
dataset\hdb_to_canon_v1\trainB\00494.png,None
dataset\hdb_to_canon_v1\trainB\00495.png,None
dataset\hdb_to_canon_v1\trainB\00496.png,None
dataset\hdb_to_canon_v1\trainB\00497.png,None
dataset\hdb_to_canon_v1\trainB\00498.png,None
dataset\hdb_to_canon_v1\trainB\00499.png,None
dataset\hdb_to_canon_v1\trainB\00500.png,None
dataset\hdb_to_canon_v1\trainB\00501.png,None
dataset\hdb_to_canon_v1\trainB\00502.png,None
dataset\hdb_to_canon_v1\trainB\00503.png,None
dataset\hdb_to_canon_v1\trainB\00504.png,None
dataset\hdb_to_canon_v1\trainB\00505.png,None
dataset\hdb_to_canon_v1\trainB\00506.png,None
dataset\hdb_to_canon_v1\trainB\00507.png,None
dataset\hdb_to_canon_v1\trainB\00508.png,None
dataset\hdb_to_canon_v1\trainB\00509.png,None
dataset\hdb_to_canon_v1\trainB\00510.png,None
dataset\hdb_to_canon_v1\trainB\00511.png,None
dataset\hdb_to_canon_v1\trainB\00512.png,None
dataset\hdb_to_canon_v1\trainB\00513.png,None
dataset\hdb_to_canon_v1\trainB\00514.png,None
dataset\hdb_to_canon_v1\trainB\00515.png,None
dataset\hdb_to_canon_v1\trainB\00516.png,None
dataset\hdb_to_canon_v1\trainB\00517.png,None
dataset\hdb_to_canon_v1\trainB\00518.png,None
dataset\hdb_to_canon_v1\trainB\00519.png,None
dataset\hdb_to_canon_v1\trainB\00520.png,None
dataset\hdb_to_canon_v1\trainB\00521.png,None
dataset\hdb_to_canon_v1\trainB\00522.png,None
dataset\hdb_to_canon_v1\trainB\00523.png,None
dataset\hdb_to_canon_v1\trainB\00524.png,None
dataset\hdb_to_canon_v1\trainB\00525.png,None
dataset\hdb_to_canon_v1\trainB\00526.png,None
dataset\hdb_to_canon_v1\trainB\00527.png,None
dataset\hdb_to_canon_v1\trainB\00528.png,None
dataset\hdb_to_canon_v1\trainB\00529.png,None
dataset\hdb_to_canon_v1\trainB\00530.png,None
dataset\hdb_to_canon_v1\trainB\00531.png,None
dataset\hdb_to_canon_v1\trainB\00532.png,None
dataset\hdb_to_canon_v1\trainB\00533.png,None
dataset\hdb_to_canon_v1\trainB\00534.png,None
dataset\hdb_to_canon_v1\trainB\00535.png,None
dataset\hdb_to_canon_v1\trainB\00536.png,None
dataset\hdb_to_canon_v1\trainB\00537.png,None
dataset\hdb_to_canon_v1\trainB\00538.png,None
dataset\hdb_to_canon_v1\trainB\00539.png,None
dataset\hdb_to_canon_v1\trainB\00540.png,None
dataset\hdb_to_canon_v1\trainB\00541.png,None
dataset\hdb_to_canon_v1\trainB\00542.png,None
dataset\hdb_to_canon_v1\trainB\00543.png,None
dataset\hdb_to_canon_v1\trainB\00544.png,None
dataset\hdb_to_canon_v1\trainB\00545.png,None
dataset\hdb_to_canon_v1\trainB\00546.png,None
dataset\hdb_to_canon_v1\trainB\00547.png,None
dataset\hdb_to_canon_v1\trainB\00548.png,None
dataset\hdb_to_canon_v1\trainB\00549.png,None
dataset\hdb_to_canon_v1\trainB\00550.png,None
dataset\hdb_to_canon_v1\trainB\00551.png,None
dataset\hdb_to_canon_v1\trainB\00552.png,None
dataset\hdb_to_canon_v1\trainB\00553.png,None
dataset\hdb_to_canon_v1\trainB\00554.png,None
dataset\hdb_to_canon_v1\trainB\00555.png,None
dataset\hdb_to_canon_v1\trainB\00556.png,None
dataset\hdb_to_canon_v1\trainB\00557.png,None
dataset\hdb_to_canon_v1\trainB\00558.png,None
dataset\hdb_to_canon_v1\trainB\00559.png,None
dataset\hdb_to_canon_v1\trainB\00560.png,None
dataset\hdb_to_canon_v1\trainB\00561.png,None
dataset\hdb_to_canon_v1\trainB\00562.png,None
dataset\hdb_to_canon_v1\trainB\00563.png,None
dataset\hdb_to_canon_v1\trainB\00564.png,None
dataset\hdb_to_canon_v1\trainB\00565.png,None
dataset\hdb_to_canon_v1\trainB\00566.png,None
dataset\hdb_to_canon_v1\trainB\00567.png,None
dataset\hdb_to_canon_v1\trainB\00568.png,None
dataset\hdb_to_canon_v1\trainB\00569.png,None
dataset\hdb_to_canon_v1\trainB\00570.png,None
dataset\hdb_to_canon_v1\trainB\00571.png,None
dataset\hdb_to_canon_v1\trainB\00572.png,None
dataset\hdb_to_canon_v1\trainB\00573.png,None
dataset\hdb_to_canon_v1\trainB\00574.png,None
dataset\hdb_to_canon_v1\trainB\00575.png,None
dataset\hdb_to_canon_v1\trainB\00576.png,None
dataset\hdb_to_canon_v1\trainB\00577.png,None
dataset\hdb_to_canon_v1\trainB\00578.png,None
dataset\hdb_to_canon_v1\trainB\00579.png,None
dataset\hdb_to_canon_v1\trainB\00580.png,None
dataset\hdb_to_canon_v1\trainB\00581.png,None
dataset\hdb_to_canon_v1\trainB\00582.png,None
dataset\hdb_to_canon_v1\trainB\00583.png,None
dataset\hdb_to_canon_v1\trainB\00584.png,None
dataset\hdb_to_canon_v1\trainB\00585.png,None
dataset\hdb_to_canon_v1\trainB\00586.png,None
dataset\hdb_to_canon_v1\trainB\00587.png,None
dataset\hdb_to_canon_v1\trainB\00588.png,None
dataset\hdb_to_canon_v1\trainB\00589.png,None
dataset\hdb_to_canon_v1\trainB\00590.png,None
dataset\hdb_to_canon_v1\trainB\00591.png,None
dataset\hdb_to_canon_v1\trainB\00592.png,None
dataset\hdb_to_canon_v1\trainB\00593.png,None
dataset\hdb_to_canon_v1\trainB\00594.png,None
dataset\hdb_to_canon_v1\trainB\00595.png,None
dataset\hdb_to_canon_v1\trainB\00596.png,None
dataset\hdb_to_canon_v1\trainB\00597.png,None
dataset\hdb_to_canon_v1\trainB\00598.png,None
dataset\hdb_to_canon_v1\trainB\00599.png,None
dataset\hdb_to_canon_v1\trainB\00600.png,None
dataset\hdb_to_canon_v1\trainB\00601.png,None
dataset\hdb_to_canon_v1\trainB\00602.png,None
dataset\hdb_to_canon_v1\trainB\00603.png,None
dataset\hdb_to_canon_v1\trainB\00604.png,None
dataset\hdb_to_canon_v1\trainB\00605.png,None
dataset\hdb_to_canon_v1\trainB\00606.png,None
dataset\hdb_to_canon_v1\trainB\00607.png,None
dataset\hdb_to_canon_v1\trainB\00608.png,None
dataset\hdb_to_canon_v1\trainB\00609.png,None
dataset\hdb_to_canon_v1\trainB\00610.png,None
dataset\hdb_to_canon_v1\trainB\00611.png,None
dataset\hdb_to_canon_v1\trainB\00612.png,None
dataset\hdb_to_canon_v1\trainB\00613.png,None
dataset\hdb_to_canon_v1\trainB\00614.png,None
dataset\hdb_to_canon_v1\trainB\00615.png,None
dataset\hdb_to_canon_v1\trainB\00616.png,None
dataset\hdb_to_canon_v1\trainB\00617.png,None
dataset\hdb_to_canon_v1\trainB\00618.png,None
dataset\hdb_to_canon_v1\trainB\00619.png,None
dataset\hdb_to_canon_v1\trainB\00620.png,None
dataset\hdb_to_canon_v1\trainB\00621.png,None
dataset\hdb_to_canon_v1\trainB\00622.png,None
dataset\hdb_to_canon_v1\trainB\00623.png,None
dataset\hdb_to_canon_v1\trainB\00624.png,None
dataset\hdb_to_canon_v1\trainB\00625.png,None
dataset\hdb_to_canon_v1\trainB\00626.png,None
dataset\hdb_to_canon_v1\trainB\00627.png,None
dataset\hdb_to_canon_v1\trainB\00628.png,None
dataset\hdb_to_canon_v1\trainB\00629.png,None
dataset\hdb_to_canon_v1\trainB\00630.png,None
dataset\hdb_to_canon_v1\trainB\00631.png,None
dataset\hdb_to_canon_v1\trainB\00632.png,None
dataset\hdb_to_canon_v1\trainB\00633.png,None
dataset\hdb_to_canon_v1\trainB\00634.png,None
dataset\hdb_to_canon_v1\trainB\00635.png,None
dataset\hdb_to_canon_v1\trainB\00636.png,None
dataset\hdb_to_canon_v1\trainB\00637.png,None
dataset\hdb_to_canon_v1\trainB\00638.png,None
dataset\hdb_to_canon_v1\trainB\00639.png,None
dataset\hdb_to_canon_v1\trainB\00640.png,None
dataset\hdb_to_canon_v1\trainB\00641.png,None
dataset\hdb_to_canon_v1\trainB\00642.png,None
dataset\hdb_to_canon_v1\trainB\00643.png,None
dataset\hdb_to_canon_v1\trainB\00644.png,None
dataset\hdb_to_canon_v1\trainB\00645.png,None
dataset\hdb_to_canon_v1\trainB\00646.png,None
dataset\hdb_to_canon_v1\trainB\00647.png,None
dataset\hdb_to_canon_v1\trainB\00648.png,None
dataset\hdb_to_canon_v1\trainB\00649.png,None
dataset\hdb_to_canon_v1\trainB\00650.png,None
dataset\hdb_to_canon_v1\trainB\00651.png,None
dataset\hdb_to_canon_v1\trainB\00652.png,None
dataset\hdb_to_canon_v1\trainB\00653.png,None
dataset\hdb_to_canon_v1\trainB\00654.png,None
dataset\hdb_to_canon_v1\trainB\00655.png,None
dataset\hdb_to_canon_v1\trainB\00656.png,None
dataset\hdb_to_canon_v1\trainB\00657.png,None
dataset\hdb_to_canon_v1\trainB\00658.png,None
dataset\hdb_to_canon_v1\trainB\00659.png,None
dataset\hdb_to_canon_v1\trainB\00660.png,None
dataset\hdb_to_canon_v1\trainB\00661.png,None
dataset\hdb_to_canon_v1\trainB\00662.png,None
dataset\hdb_to_canon_v1\trainB\00663.png,None
dataset\hdb_to_canon_v1\trainB\00664.png,None
dataset\hdb_to_canon_v1\trainB\00665.png,None
dataset\hdb_to_canon_v1\trainB\00666.png,None
dataset\hdb_to_canon_v1\trainB\00667.png,None
dataset\hdb_to_canon_v1\trainB\00668.png,None
dataset\hdb_to_canon_v1\trainB\00669.png,None
dataset\hdb_to_canon_v1\trainB\00670.png,None
dataset\hdb_to_canon_v1\trainB\00671.png,None
dataset\hdb_to_canon_v1\trainB\00672.png,None
dataset\hdb_to_canon_v1\trainB\00673.png,None
dataset\hdb_to_canon_v1\trainB\00674.png,None
dataset\hdb_to_canon_v1\trainB\00675.png,None
dataset\hdb_to_canon_v1\trainB\00676.png,None
dataset\hdb_to_canon_v1\trainB\00677.png,None
dataset\hdb_to_canon_v1\trainB\00678.png,None
dataset\hdb_to_canon_v1\trainB\00679.png,None
dataset\hdb_to_canon_v1\trainB\00680.png,None
dataset\hdb_to_canon_v1\trainB\00681.png,None
dataset\hdb_to_canon_v1\trainB\00682.png,None
dataset\hdb_to_canon_v1\trainB\00683.png,None
dataset\hdb_to_canon_v1\trainB\00684.png,None
dataset\hdb_to_canon_v1\trainB\00685.png,None
dataset\hdb_to_canon_v1\trainB\00686.png,None
dataset\hdb_to_canon_v1\trainB\00687.png,None
dataset\hdb_to_canon_v1\trainB\00688.png,None
dataset\hdb_to_canon_v1\trainB\00689.png,None
dataset\hdb_to_canon_v1\trainB\00690.png,None
dataset\hdb_to_canon_v1\trainB\00703.png,None
dataset\hdb_to_canon_v1\trainB\00704.png,None
dataset\hdb_to_canon_v1\trainB\00705.png,None
dataset\hdb_to_canon_v1\trainB\00706.png,None
dataset\hdb_to_canon_v1\trainB\00707.png,None
dataset\hdb_to_canon_v1\trainB\00708.png,None
dataset\hdb_to_canon_v1\trainB\00709.png,None
dataset\hdb_to_canon_v1\trainB\00710.png,None
dataset\hdb_to_canon_v1\trainB\00711.png,None
dataset\hdb_to_canon_v1\trainB\00712.png,None
dataset\hdb_to_canon_v1\trainB\00713.png,None
dataset\hdb_to_canon_v1\trainB\00714.png,None
dataset\hdb_to_canon_v1\trainB\00715.png,None
dataset\hdb_to_canon_v1\trainB\00716.png,None
dataset\hdb_to_canon_v1\trainB\00717.png,None
dataset\hdb_to_canon_v1\trainB\00718.png,None
dataset\hdb_to_canon_v1\trainB\00719.png,None
dataset\hdb_to_canon_v1\trainB\00720.png,None
